{
  "key": 24405809952305822767886051648305859245404721988807392472841836518286408428549355850150157783898911779742367079623461541331700596739072928804511825846427208152772961568106787461422221455571382327984271037838044936808120453873830833163948418377956418849386060416154574926765072953103539893652078546260760902496351920167738470713360158785771050810463832705231216248175576511839625048396580105510225850612280551292555124552169231397117100533184525151665045075162189963332689831808673081794888664459324495144862511406696982019190803602148475061638260123953550328927477783179321169189343496358921144318187931836359039456096972657673075570468640626889719292109665229391434006044696027596834381534451912725493191078244596503073313959842404360883961498910371479176651451321712091453289299040079059026957552137207636007789429036555448193210823485266833001913347502924141651152877080581429294169294590232543957879763906403653213568047026751609757987266826807093297829570071187210901621002305763209111173244084016,
  "detected_pairs": 19116,
  "num_pairs": 20000,
  "reconciled": true,
  "corrections": 35,
  "bits_leaked": 379,
  "secure_key_bits": 2319,
  "qber": 0.012048192771084338,
  "qber_ci": [
    0.006557228559889816,
    0.022035252314175472
  ],
  "num_sampled": 830,
  "chsh_s": 2.7419901410946013,
  "chsh_pairs": 8469,
  "sifted_bits": 4154,
  "key_bits": 3324,
  "secure_fraction": 0.811831122334653,
  "final_key_bits": 2698,
  "role": 1,
  "name": "bob",
  "mode": "e91",
  "quantum_transport": "entangled-state-service",
  "tx_frames": 220,
  "rx_frames": 220
}