{
  "role": 1,
  "name": "bob",
  "quantum_transport": "raw",
  "loss_where": "switch",
  "key": 11405377285498976604473499316882901783611648051755901096765701151497584941838457147053042360577283868902994317449157137767291316144666849779709449781363521811060434276149840495232886776279555272329076462151269548710396384818625441895610137518237276232965671137928077363139819305003923622172440381474128802793239290769734021494550012493929174532564948544412864400017817593766652736922212761887768205313637381495165044724080963933040855057368936798006695150487139741157170518751920828052468123432640450271325023267692536009125961533180723087488135757564305953836188188721768338417868978321167682466834973581087913804147297022730499304108535631694507198212475285766636081461789364027632981087328860057045284731469127127596106621758773007102323558476915454922266519544639444924205429857157667698143653231126361556699508390263994900803238402543887201348137747225774294311436234237528560431787283168874666174355978141173619598788657463599496786766265717771465008337869863526151815110531480308769917909082353363858019085021425986766420856604929259093578561049472721928106543964903448719320442,
  "qber": 0.021724818959842,
  "qber_x": null,
  "basis_bias": 0.5,
  "sift_ratio": 0.5,
  "detected_pulses": 15190,
  "dead_time_drops": 0,
  "sifted_bits": 7595,
  "key_bits": 6076,
  "num_sampled": 1519,
  "secure_fraction": 0.6979632658992998,
  "final_key_bits": 4240,
  "reconciled": true,
  "corrections": 151,
  "bits_leaked": 1339,
  "secure_key_bits": 3602,
  "finite_key": null,
  "photon_mode": "bulk",
  "photons_emitted": null,
  "elapsed_s": null,
  "photons_per_s": null,
  "loss_probability": 0.045007413978564004,
  "decoy": null,
  "eve_fraction": 0.0,
  "eve_photons_intercepted": null,
  "tx_frames": 830,
  "rx_frames": 831,
  "authenticated": false,
  "auth_failures": 0,
  "remote_access_errors": 0
}